<wpml-config>
    <admin-texts>
        <key name="kreativa_main_logo" />
        <key name="kreativa_responsive_logo" />
        <key name="kreativa_preloader_logo" />
        <key name="kreativa_rightclick_disabletext" />
        <key name="kreativa_404_title" />
        <key name="kreativa_read_more" />
        <key name="kreativa_portfolio_singular_refer" />
        <key name="kreativa_portfolio_plural_refer" />
        <key name="kreativa_portfolio_link_text" />
        <key name="kreativa_portfolio_client_refer" />
        <key name="kreativa_portfolio_skill_refer" />
        <key name="kreativa_portfolio_allitems" />
        <key name="kreativa_footer_copyright" />
    </admin-texts>
</wpml-config>


